"client_id";"full_name";"email";"country";"gender";"revenu"
"51";"Kumar Jean";"client51@email.com";"UK";"M";"48374"
"52";"Chen John";"client52@email.com";"Italy";"F";"33504"
"53";"Rossi John";"client53@email.com";"France";"M";"60302"
"54";"Nguyen Claire";"client54@email.com";"India";"F";"73503"
"55";"Martin Minh";"client55@email.com";"Belgium";"M";"30835"
"56";"Martin Anita";"client56@email.com";"Spain";"M";"22788"
"57";"Nguyen Maria";"client57@email.com";"Vietnam";"M";"67547"
"58";"Lopez Maria";"client58@email.com";"Spain";"M";"39404"
"59";"Nguyen Maria";"client59@email.com";"Germany";"F";"41951"
"60";"Rossi Luca";"client60@email.com";"France";"F";"53111"
"61";"Müller Claire";"client61@email.com";"India";"M";"82840"
"62";"Müller Luca";"client62@email.com";"Vietnam";"F";"26909"
"63";"Nguyen John";"client63@email.com";"Spain";"M";"29281"
"64";"Martin Li";"client64@email.com";"Spain";"F";"33387"
"65";"Lopez Li";"client65@email.com";"Spain";"F";"75935"
"66";"Chen Minh";"client66@email.com";"France";"M";"75565"
"67";"Dupont Li";"client67@email.com";"France";"F";"28704"
"68";"Martin Li";"client68@email.com";"Belgium";"M";"65859"
"69";"Dupont Karl";"client69@email.com";"Spain";"M";"24774"
"70";"Dupont Anita";"client70@email.com";"Italy";"M";"88728"
"71";"Dubois Anita";"client71@email.com";"UK";"M";"88064"
"72";"Smith John";"client72@email.com";"India";"M";"33931"
"73";"Dubois Sophie";"client73@email.com";"India";"F";"83219"
"74";"Rossi Jean";"client74@email.com";"USA";"F";"39919"
"75";"Smith Sophie";"client75@email.com";"Vietnam";"M";"95992"
"76";"Rossi Luca";"client76@email.com";"USA";"M";"87531"
"77";"Martin Sophie";"client77@email.com";"Vietnam";"M";"43954"
"78";"Kumar Luca";"client78@email.com";"India";"M";"86712"
"79";"Dupont Anita";"client79@email.com";"Spain";"F";"54366"
"80";"Chen Jean";"client80@email.com";"Vietnam";"F";"20985"
"81";"Müller Anita";"client81@email.com";"Vietnam";"M";"52292"
"82";"Nguyen Anita";"client82@email.com";"France";"M";"90577"
"83";"Müller John";"client83@email.com";"China";"F";"70986"
"84";"Smith Luca";"client84@email.com";"Belgium";"M";"25413"
"85";"Dubois Maria";"client85@email.com";"Spain";"F";"45441"
"86";"Dupont Sophie";"client86@email.com";"India";"F";"83740"
"87";"Lopez Anita";"client87@email.com";"Germany";"F";"75857"
"88";"Rossi Anita";"client88@email.com";"Italy";"F";"15093"
"89";"Martin John";"client89@email.com";"India";"F";"94249"
"90";"Smith Li";"client90@email.com";"USA";"F";"50235"
"91";"Nguyen Maria";"client91@email.com";"UK";"F";"51546"
"92";"Nguyen John";"client92@email.com";"Belgium";"F";"80940"
"93";"Lopez Luca";"client93@email.com";"Vietnam";"F";"20037"
"94";"Nguyen Luca";"client94@email.com";"Spain";"F";"40785"
"95";"Martin Karl";"client95@email.com";"France";"F";"61031"
"96";"Lopez Jean";"client96@email.com";"Belgium";"M";"80911"
"97";"Dupont John";"client97@email.com";"India";"M";"96572"
"98";"Martin Li";"client98@email.com";"UK";"F";"91478"
"99";"Chen Karl";"client99@email.com";"Germany";"F";"31881"
