"id_client";"nom";"prenom";"email";"age";"pays";"revenu_annuel"
"1";"Lopez";"Jean";"client1@email.com";"49";"India";"94464"
"2";"Dupont";"Anita";"client2@email.com";"23";"Belgium";"86892"
"3";"Smith";"Maria";"client3@email.com";"54";"USA";"48930"
"4";"Smith";"Maria";"client4@email.com";"62";"Belgium";"61774"
"5";"Rossi";"Karl";"client5@email.com";"33";"Spain";"43651"
"6";"Chen";"Sophie";"client6@email.com";"59";"India";"77885"
"7";"Smith";"Anita";"client7@email.com";"41";"France";"30997"
"8";"Lopez";"Claire";"client8@email.com";"29";"Spain";"80180"
"9";"Nguyen";"Anita";"client9@email.com";"20";"India";"89498"
"10";"Kumar";"Li";"client10@email.com";"30";"Italy";"78003"
"11";"Rossi";"Sophie";"client11@email.com";"63";"UK";"49009"
"12";"Müller";"Claire";"client12@email.com";"43";"Belgium";"58671"
"13";"Dubois";"Claire";"client13@email.com";"22";"France";"84939"
"14";"Dubois";"Luca";"client14@email.com";"54";"Belgium";"32582"
"15";"Martin";"Li";"client15@email.com";"55";"Germany";"44844"
"16";"Müller";"Li";"client16@email.com";"50";"UK";"99917"
"17";"Rossi";"John";"client17@email.com";"23";"France";"53429"
"18";"Rossi";"Karl";"client18@email.com";"38";"UK";"96475"
"19";"Dubois";"Luca";"client19@email.com";"55";"Italy";"91323"
"20";"Martin";"Minh";"client20@email.com";"40";"Germany";"97727"
"21";"Lopez";"Jean";"client21@email.com";"37";"India";"75809"
"22";"Chen";"John";"client22@email.com";"47";"Vietnam";"17121"
"23";"Dubois";"Maria";"client23@email.com";"34";"Belgium";"60353"
"24";"Chen";"Li";"client24@email.com";"61";"France";"18886"
"25";"Kumar";"Anita";"client25@email.com";"21";"Spain";"56690"
"26";"Smith";"Anita";"client26@email.com";"56";"UK";"95748"
"27";"Dupont";"Karl";"client27@email.com";"30";"Italy";"90523"
"28";"Smith";"Anita";"client28@email.com";"42";"Germany";"97119"
"29";"Lopez";"Anita";"client29@email.com";"63";"China";"20181"
"30";"Dupont";"John";"client30@email.com";"60";"Belgium";"58349"
"31";"Nguyen";"Anita";"client31@email.com";"31";"Belgium";"91578"
"32";"Smith";"Anita";"client32@email.com";"22";"UK";"57914"
"33";"Dubois";"Sophie";"client33@email.com";"36";"USA";"85744"
"34";"Martin";"Anita";"client34@email.com";"52";"Belgium";"86713"
"35";"Smith";"John";"client35@email.com";"20";"Italy";"78720"
"36";"Smith";"Luca";"client36@email.com";"58";"Italy";"85399"
"37";"Smith";"Maria";"client37@email.com";"39";"UK";"62394"
"38";"Rossi";"Maria";"client38@email.com";"62";"Vietnam";"88925"
"39";"Dupont";"Jean";"client39@email.com";"60";"Italy";"15894"
"40";"Martin";"Claire";"client40@email.com";"33";"Belgium";"78413"
"41";"Chen";"Maria";"client41@email.com";"50";"Belgium";"63208"
"42";"Chen";"Li";"client42@email.com";"44";"India";"45142"
"43";"Dupont";"John";"client43@email.com";"22";"USA";"47904"
"44";"Kumar";"Jean";"client44@email.com";"23";"India";"41813"
"45";"Rossi";"Maria";"client45@email.com";"50";"Italy";"54041"
"46";"Smith";"Jean";"client46@email.com";"54";"India";"74601"
"47";"Nguyen";"Claire";"client47@email.com";"63";"Italy";"94224"
"48";"Rossi";"Minh";"client48@email.com";"33";"Germany";"83955"
"49";"Nguyen";"Anita";"client49@email.com";"60";"China";"97088"
